Date	Price	Open	High	Low	Change %
6-Mar-18	"13,775.00"	"13,750.00"	"13,785.00"	"13,745.00"	0.09
5-Mar-18	"13,762.50"	"13,737.50"	"13,775.50"	"13,737.50"	0.04
2-Mar-18	"13,757.50"	"13,722.50"	"13,762.50"	"13,722.50"	0.07
1-Mar-18	"13,747.50"	"13,782.50"	"13,802.50"	"13,742.50"	0.02
28-Feb-18	"13,745.00"	"13,705.00"	"13,755.00"	"13,705.00"	0.51
27-Feb-18	"13,675.00"	"13,652.00"	"13,685.00"	"13,650.00"	0.11
26-Feb-18	"13,660.00"	"13,660.00"	"13,665.00"	"13,645.00"	-0.05
23-Feb-18	"13,667.50"	"13,667.50"	"13,684.50"	"13,662.50"	-0.11
22-Feb-18	"13,682.50"	"13,652.50"	"13,690.50"	"13,652.50"	0.47
21-Feb-18	"13,618.50"	"13,575.50"	"13,618.50"	"13,570.50"	0.04
20-Feb-18	"13,612.50"	"13,562.50"	"13,615.50"	"13,562.50"	0.38
19-Feb-18	"13,560.50"	"13,552.50"	"13,562.50"	"13,532.50"	0.01
16-Feb-18	"13,558.50"	"13,558.50"	"13,558.50"	"13,558.50"	0
15-Feb-18	"13,558.50"	"13,591.50"	"13,591.50"	"13,541.50"	-0.51
14-Feb-18	"13,628.50"	"13,647.50"	"13,662.50"	"13,612.50"	-0.21
13-Feb-18	"13,657.50"	"13,632.50"	"13,657.50"	"13,632.50"	0
12-Feb-18	"13,657.50"	"13,607.50"	"13,657.50"	"13,597.50"	0.22
9-Feb-18	"13,627.50"	"13,642.50"	"13,650.50"	"13,617.50"	0.17
8-Feb-18	"13,605.00"	"13,605.00"	"13,627.00"	"13,595.00"	0.38
7-Feb-18	"13,553.00"	"13,526.00"	"13,561.00"	"13,523.00"	0
6-Feb-18	"13,552.50"	"13,567.50"	"13,607.50"	"13,552.50"	0.2
5-Feb-18	"13,525.00"	"13,495.00"	"13,530.00"	"13,495.00"	0.55
2-Feb-18	"13,451.50"	"13,413.50"	"13,453.50"	"13,413.50"	0.18
1-Feb-18	"13,427.00"	"13,387.00"	"13,432.00"	"13,387.00"	0.29
31-Jan-18	"13,388.50"	"13,421.50"	"13,426.50"	"13,376.50"	-0.33
30-Jan-18	"13,432.50"	"13,382.50"	"13,442.50"	"13,382.50"	0.52
29-Jan-18	"13,363.50"	"13,311.50"	"13,363.50"	"13,311.50"	0.42
26-Jan-18	"13,307.00"	"13,296.00"	"13,311.00"	"13,296.00"	0.14
25-Jan-18	"13,288.50"	"13,291.50"	"13,296.50"	"13,266.50"	-0.19
24-Jan-18	"13,313.50"	"13,317.50"	"13,330.50"	"13,309.50"	-0.09
23-Jan-18	"13,325.00"	"13,335.00"	"13,336.00"	"13,310.00"	-0.17
22-Jan-18	"13,347.50"	"13,320.50"	"13,350.50"	"13,320.50"	0.26
19-Jan-18	"13,313.50"	"13,338.50"	"13,343.50"	"13,286.50"	-0.24
18-Jan-18	"13,346.00"	"13,361.00"	"13,371.00"	"13,341.00"	-0.09
17-Jan-18	"13,357.50"	"13,317.50"	"13,362.50"	"13,317.50"	0.15
16-Jan-18	"13,337.50"	"13,330.50"	"13,340.50"	"13,325.50"	0.02
15-Jan-18	"13,334.50"	"13,325.50"	"13,338.50"	"13,315.50"	-0.14
12-Jan-18	"13,353.50"	"13,368.50"	"13,371.50"	"13,353.50"	-0.34
11-Jan-18	"13,399.50"	"13,428.50"	"13,430.50"	"13,399.50"	-0.28
10-Jan-18	"13,436.50"	"13,435.50"	"13,455.50"	"13,427.50"	-0.01
9-Jan-18	"13,437.50"	"13,429.50"	"13,440.50"	"13,407.50"	0.08
8-Jan-18	"13,426.50"	"13,405.50"	"13,426.50"	"13,390.50"	0.08
5-Jan-18	"13,415.50"	"13,413.50"	"13,435.50"	"13,392.50"	-0.06
4-Jan-18	"13,423.50"	"13,466.50"	"13,481.50"	"13,411.50"	-0.4
3-Jan-18	"13,478.00"	"13,500.00"	"13,509.00"	"13,476.00"	-0.29
2-Jan-18	"13,517.50"	"13,537.50"	"13,555.50"	"13,514.50"	-0.37
1-Jan-18	"13,567.50"	"13,567.50"	"13,567.50"	"13,567.50"	0
29-Dec-17	"13,567.50"	"13,542.50"	"13,567.50"	"13,542.50"	0.04
28-Dec-17	"13,562.00"	"13,554.00"	"13,566.00"	"13,554.00"	0.01
27-Dec-17	"13,560.50"	"13,551.50"	"13,565.50"	"13,551.50"	0
26-Dec-17	"13,561.00"	"13,561.00"	"13,561.00"	"13,561.00"	0
25-Dec-17	"13,561.00"	"13,561.00"	"13,561.00"	"13,561.00"	0
22-Dec-17	"13,561.00"	"13,556.00"	"13,562.00"	"13,546.00"	0.03
21-Dec-17	"13,557.50"	"13,542.50"	"13,567.50"	"13,537.50"	-0.15
20-Dec-17	"13,577.50"	"13,577.50"	"13,584.50"	"13,577.50"	0.01
19-Dec-17	"13,576.50"	"13,576.50"	"13,588.50"	"13,574.50"	-0.04
18-Dec-17	"13,581.50"	"13,571.50"	"13,588.50"	"13,571.50"	0.02
15-Dec-17	"13,578.50"	"13,566.50"	"13,578.50"	"13,563.50"	0.01
14-Dec-17	"13,577.50"	"13,562.50"	"13,580.50"	"13,560.50"	-0.06
13-Dec-17	"13,585.00"	"13,595.00"	"13,596.00"	"13,585.00"	0.12
12-Dec-17	"13,568.50"	"13,549.50"	"13,571.50"	"13,546.50"	0.12
11-Dec-17	"13,552.50"	"13,542.50"	"13,552.50"	"13,542.50"	0.04
8-Dec-17	"13,547.50"	"13,557.50"	"13,560.50"	"13,539.50"	-0.04
7-Dec-17	"13,553.50"	"13,548.50"	"13,558.50"	"13,547.50"	0.11
6-Dec-17	"13,539.00"	"13,521.00"	"13,539.00"	"13,516.00"	0.15
5-Dec-17	"13,519.00"	"13,511.00"	"13,520.00"	"13,511.00"	-0.05
4-Dec-17	"13,526.00"	"13,531.00"	"13,533.00"	"13,516.00"	0
1-Dec-17	"13,526.00"	"13,526.00"	"13,526.00"	"13,526.00"	0
30-Nov-17	"13,526.00"	"13,512.00"	"13,526.00"	"13,512.00"	0.17
29-Nov-17	"13,502.50"	"13,510.50"	"13,517.50"	"13,495.50"	-0.04
28-Nov-17	"13,508.50"	"13,528.50"	"13,530.50"	"13,503.50"	-0.07
27-Nov-17	"13,518.50"	"13,504.50"	"13,521.50"	"13,504.50"	0.12
24-Nov-17	"13,502.50"	"13,507.50"	"13,513.50"	"13,500.50"	-0.08
23-Nov-17	"13,513.00"	"13,507.00"	"13,517.00"	"13,492.00"	-0.1
22-Nov-17	"13,526.00"	"13,518.00"	"13,527.00"	"13,511.00"	-0.06
21-Nov-17	"13,533.50"	"13,531.50"	"13,546.50"	"13,531.50"	-0.01
20-Nov-17	"13,535.00"	"13,522.00"	"13,537.00"	"13,517.00"	0.06
17-Nov-17	"13,527.50"	"13,522.50"	"13,530.50"	"13,512.50"	-0.11
16-Nov-17	"13,542.00"	"13,542.00"	"13,549.00"	"13,532.00"	0.05
15-Nov-17	"13,535.00"	"13,542.00"	"13,547.00"	"13,527.00"	-0.14
14-Nov-17	"13,553.50"	"13,546.50"	"13,555.50"	"13,528.50"	0.01
13-Nov-17	"13,551.50"	"13,551.50"	"13,558.50"	"13,545.50"	0.14
10-Nov-17	"13,532.50"	"13,507.50"	"13,537.50"	"13,507.50"	0.13
9-Nov-17	"13,515.00"	"13,518.00"	"13,520.00"	"13,509.00"	-0.01
8-Nov-17	"13,517.00"	"13,522.00"	"13,530.00"	"13,515.00"	0.03
7-Nov-17	"13,513.50"	"13,496.50"	"13,514.50"	"13,491.50"	-0.08
6-Nov-17	"13,524.50"	"13,531.50"	"13,539.50"	"13,516.50"	0.2
3-Nov-17	"13,497.50"	"13,517.50"	"13,517.50"	"13,467.50"	-0.39
2-Nov-17	"13,551.00"	"13,571.00"	"13,576.00"	"13,541.00"	-0.21
1-Nov-17	"13,580.00"	"13,585.00"	"13,600.00"	"13,575.00"	0.13
31-Oct-17	"13,562.50"	"13,562.50"	"13,578.50"	"13,552.50"	-0.16
30-Oct-17	"13,584.00"	"13,589.00"	"13,609.00"	"13,574.00"	-0.24
27-Oct-17	"13,616.50"	"13,633.50"	"13,643.50"	"13,608.50"	0.26
26-Oct-17	"13,581.50"	"13,561.50"	"13,601.50"	"13,551.50"	0.03
25-Oct-17	"13,577.50"	"13,562.50"	"13,577.50"	"13,562.50"	0.33
24-Oct-17	"13,532.50"	"13,529.50"	"13,536.50"	"13,522.50"	-0.07
23-Oct-17	"13,542.50"	"13,532.50"	"13,543.50"	"13,527.50"	0.18
20-Oct-17	"13,518.50"	"13,511.50"	"13,526.50"	"13,501.50"	-0.03
19-Oct-17	"13,523.00"	"13,512.00"	"13,532.00"	"13,510.00"	0.05
18-Oct-17	"13,516.00"	"13,504.00"	"13,516.00"	"13,501.00"	0.07
17-Oct-17	"13,506.50"	"13,486.50"	"13,513.50"	"13,481.50"	0.18
16-Oct-17	"13,482.50"	"13,482.50"	"13,489.50"	"13,467.50"	-0.12
13-Oct-17	"13,499.00"	"13,503.00"	"13,518.00"	"13,491.00"	-0.04
12-Oct-17	"13,504.50"	"13,508.50"	"13,525.50"	"13,490.50"	-0.09
11-Oct-17	"13,517.00"	"13,492.00"	"13,527.00"	"13,492.00"	0.03
10-Oct-17	"13,513.00"	"13,501.00"	"13,513.00"	"13,481.00"	-0.03
9-Oct-17	"13,516.50"	"13,501.50"	"13,516.50"	"13,495.50"	0.09
6-Oct-17	"13,504.00"	"13,486.00"	"13,506.00"	"13,476.00"	0.35
5-Oct-17	"13,457.50"	"13,482.50"	"13,492.50"	"13,457.50"	-0.14
4-Oct-17	"13,476.50"	"13,496.50"	"13,496.50"	"13,456.50"	-0.49
3-Oct-17	"13,542.50"	"13,587.50"	"13,587.50"	"13,535.50"	0.04
2-Oct-17	"13,537.50"	"13,477.50"	"13,577.50"	"13,477.50"	0.49
29-Sep-17	"13,471.50"	"13,476.50"	"13,496.50"	"13,446.50"	-0.32
28-Sep-17	"13,515.00"	"13,427.00"	"13,555.00"	"13,427.00"	0.56
27-Sep-17	"13,440.00"	"13,385.00"	"13,440.00"	"13,370.00"	0.47
26-Sep-17	"13,376.50"	"13,341.50"	"13,381.50"	"13,341.50"	0.38
25-Sep-17	"13,326.00"	"13,296.00"	"13,326.00"	"13,296.00"	0.1
22-Sep-17	"13,312.50"	"13,327.50"	"13,342.50"	"13,307.50"	0.23
21-Sep-17	"13,281.50"	"13,281.50"	"13,281.50"	"13,281.50"	0
20-Sep-17	"13,281.50"	"13,277.50"	"13,284.50"	"13,265.50"	0.02
19-Sep-17	"13,278.50"	"13,258.50"	"13,278.50"	"13,253.50"	0.18
18-Sep-17	"13,255.00"	"13,245.00"	"13,257.00"	"13,235.00"	0.11
15-Sep-17	"13,240.00"	"13,262.00"	"13,269.00"	"13,230.00"	-0.07
14-Sep-17	"13,249.50"	"13,230.50"	"13,249.50"	"13,230.50"	0.36
13-Sep-17	"13,202.50"	"13,206.50"	"13,214.50"	"13,198.50"	0.06
12-Sep-17	"13,195.00"	"13,195.00"	"13,227.00"	"13,180.00"	0.25
11-Sep-17	"13,162.50"	"13,187.50"	"13,187.50"	"13,137.50"	-0.31
8-Sep-17	"13,204.00"	"13,294.00"	"13,294.00"	"13,204.00"	-0.77
7-Sep-17	"13,306.50"	"13,333.50"	"13,333.50"	"13,305.50"	-0.23
6-Sep-17	"13,337.50"	"13,334.50"	"13,340.50"	"13,334.50"	0
5-Sep-17	"13,337.50"	"13,335.50"	"13,340.50"	"13,330.50"	-0.04
4-Sep-17	"13,342.50"	"13,341.50"	"13,346.50"	"13,336.50"	0
1-Sep-17	"13,343.00"	"13,343.00"	"13,343.00"	"13,343.00"	0
31-Aug-17	"13,343.00"	"13,346.00"	"13,353.00"	"13,337.00"	-0.03
30-Aug-17	"13,346.50"	"13,339.50"	"13,348.50"	"13,339.50"	0.05
29-Aug-17	"13,339.50"	"13,341.50"	"13,349.50"	"13,335.50"	0
28-Aug-17	"13,340.00"	"13,333.00"	"13,341.00"	"13,331.00"	-0.04
25-Aug-17	"13,345.50"	"13,335.50"	"13,348.50"	"13,335.50"	-0.01
24-Aug-17	"13,346.50"	"13,347.50"	"13,355.50"	"13,340.50"	-0.09
23-Aug-17	"13,358.50"	"13,333.50"	"13,362.50"	"13,333.50"	0.12
22-Aug-17	"13,343.00"	"13,341.00"	"13,347.00"	"13,334.00"	-0.06
21-Aug-17	"13,350.50"	"13,354.50"	"13,359.50"	"13,347.50"	-0.09
18-Aug-17	"13,362.00"	"13,361.00"	"13,370.00"	"13,356.00"	-0.12
17-Aug-17	"13,378.50"	"13,378.50"	"13,378.50"	"13,378.50"	0
16-Aug-17	"13,378.50"	"13,356.50"	"13,381.50"	"13,356.50"	0.13
15-Aug-17	"13,361.00"	"13,348.00"	"13,361.00"	"13,341.00"	0.09
14-Aug-17	"13,349.00"	"13,347.00"	"13,352.00"	"13,337.00"	-0.06
11-Aug-17	"13,357.50"	"13,362.50"	"13,377.50"	"13,352.50"	0.18
10-Aug-17	"13,334.00"	"13,339.00"	"13,351.00"	"13,334.00"	0.01
9-Aug-17	"13,332.50"	"13,320.50"	"13,333.50"	"13,318.50"	0.15
8-Aug-17	"13,313.00"	"13,320.00"	"13,320.00"	"13,301.00"	-0.06
7-Aug-17	"13,321.00"	"13,319.00"	"13,322.00"	"13,316.00"	0.04
4-Aug-17	"13,316.00"	"13,322.00"	"13,325.00"	"13,313.00"	-0.07
3-Aug-17	"13,325.50"	"13,328.50"	"13,331.50"	"13,325.50"	0.01
2-Aug-17	"13,324.00"	"13,323.00"	"13,334.00"	"13,321.00"	0
1-Aug-17	"13,324.00"	"13,316.00"	"13,324.00"	"13,311.00"	-0.01
31-Jul-17	"13,325.00"	"13,323.00"	"13,327.00"	"13,321.00"	-0.01
28-Jul-17	"13,326.50"	"13,315.50"	"13,330.50"	"13,315.50"	0.06
27-Jul-17	"13,318.00"	"13,311.00"	"13,321.00"	"13,310.00"	-0.13
26-Jul-17	"13,336.00"	"13,331.00"	"13,341.00"	"13,329.00"	0.08
25-Jul-17	"13,326.00"	"13,312.00"	"13,326.00"	"13,311.00"	0.12
24-Jul-17	"13,310.00"	"13,315.00"	"13,321.00"	"13,306.00"	-0.02
21-Jul-17	"13,312.50"	"13,319.50"	"13,325.50"	"13,309.50"	-0.16
20-Jul-17	"13,334.50"	"13,314.50"	"13,337.50"	"13,312.50"	0.12
19-Jul-17	"13,318.00"	"13,296.00"	"13,321.00"	"13,296.00"	0.07
18-Jul-17	"13,309.00"	"13,316.00"	"13,319.00"	"13,301.00"	-0.14
17-Jul-17	"13,327.50"	"13,302.50"	"13,331.50"	"13,302.50"	-0.08
14-Jul-17	"13,338.50"	"13,336.50"	"13,349.50"	"13,336.50"	-0.07
13-Jul-17	"13,347.50"	"13,349.50"	"13,349.50"	"13,329.50"	-0.16
12-Jul-17	"13,369.50"	"13,370.50"	"13,372.50"	"13,358.50"	-0.16
11-Jul-17	"13,391.00"	"13,386.00"	"13,401.00"	"13,381.00"	-0.06
10-Jul-17	"13,399.00"	"13,398.00"	"13,413.00"	"13,393.00"	-0.03
7-Jul-17	"13,403.00"	"13,381.00"	"13,411.00"	"13,376.00"	0.11
6-Jul-17	"13,388.00"	"13,366.00"	"13,388.00"	"13,360.00"	0.18
5-Jul-17	"13,364.00"	"13,351.00"	"13,364.00"	"13,341.00"	0
4-Jul-17	"13,363.50"	"13,386.50"	"13,391.50"	"13,356.50"	-0.03
3-Jul-17	"13,367.50"	"13,302.50"	"13,375.50"	"13,302.50"	0.3
30-Jun-17	"13,327.50"	"13,327.50"	"13,327.50"	"13,327.50"	0
29-Jun-17	"13,327.50"	"13,327.50"	"13,327.50"	"13,327.50"	0
28-Jun-17	"13,327.50"	"13,327.50"	"13,327.50"	"13,327.50"	0
27-Jun-17	"13,327.50"	"13,327.50"	"13,327.50"	"13,327.50"	0
26-Jun-17	"13,327.50"	"13,327.50"	"13,327.50"	"13,327.50"	0
23-Jun-17	"13,327.50"	"13,327.50"	"13,327.50"	"13,327.50"	0
22-Jun-17	"13,327.50"	"13,310.50"	"13,327.50"	"13,307.50"	0.07
21-Jun-17	"13,318.50"	"13,306.50"	"13,321.50"	"13,293.50"	0.23
20-Jun-17	"13,288.50"	"13,295.50"	"13,301.50"	"13,288.50"	0
19-Jun-17	"13,289.00"	"13,291.00"	"13,291.00"	"13,281.00"	-0.06
16-Jun-17	"13,297.50"	"13,297.50"	"13,302.50"	"13,281.50"	0.09
15-Jun-17	"13,286.00"	"13,277.00"	"13,286.00"	"13,272.00"	0.03
14-Jun-17	"13,282.50"	"13,287.50"	"13,290.50"	"13,282.50"	-0.07
13-Jun-17	"13,291.50"	"13,296.50"	"13,296.50"	"13,288.50"	-0.05
12-Jun-17	"13,298.00"	"13,281.00"	"13,299.00"	"13,281.00"	0.05
9-Jun-17	"13,291.50"	"13,301.50"	"13,306.50"	"13,284.50"	-0.05
8-Jun-17	"13,298.00"	"13,317.00"	"13,322.00"	"13,292.00"	-0.05
7-Jun-17	"13,304.00"	"13,306.00"	"13,311.00"	"13,301.00"	0.05
6-Jun-17	"13,298.00"	"13,286.00"	"13,298.00"	"13,276.00"	0.09
5-Jun-17	"13,286.00"	"13,291.00"	"13,291.00"	"13,276.00"	-0.14
2-Jun-17	"13,304.00"	"13,301.00"	"13,314.00"	"13,301.00"	-0.14
1-Jun-17	"13,322.50"	"13,322.50"	"13,322.50"	"13,322.50"	0
31-May-17	"13,322.50"	"13,311.50"	"13,323.50"	"13,310.50"	-0.01
30-May-17	"13,323.50"	"13,320.50"	"13,338.50"	"13,319.50"	0.02
29-May-17	"13,321.50"	"13,296.50"	"13,322.50"	"13,296.50"	0.2
26-May-17	"13,294.50"	"13,300.50"	"13,300.50"	"13,288.50"	-0.11
25-May-17	"13,308.50"	"13,308.50"	"13,308.50"	"13,308.50"	0
24-May-17	"13,308.50"	"13,306.50"	"13,321.50"	"13,306.50"	0.05
23-May-17	"13,302.50"	"13,288.50"	"13,310.50"	"13,287.50"	0
22-May-17	"13,302.50"	"13,292.50"	"13,308.50"	"13,282.50"	-0.24
19-May-17	"13,335.00"	"13,395.00"	"13,420.00"	"13,315.00"	-0.15
18-May-17	"13,355.50"	"13,337.50"	"13,357.50"	"13,327.50"	0.24
17-May-17	"13,323.50"	"13,286.50"	"13,323.50"	"13,281.50"	0.17
16-May-17	"13,300.50"	"13,294.50"	"13,308.50"	"13,294.50"	-0.03
15-May-17	"13,304.00"	"13,316.00"	"13,321.00"	"13,298.00"	-0.19
12-May-17	"13,329.50"	"13,337.50"	"13,347.50"	"13,319.50"	-0.21
11-May-17	"13,357.50"	"13,357.50"	"13,357.50"	"13,357.50"	0
10-May-17	"13,357.50"	"13,341.50"	"13,364.50"	"13,341.50"	0.06
9-May-17	"13,350.00"	"13,315.00"	"13,353.00"	"13,315.00"	0.3
8-May-17	"13,309.50"	"13,327.50"	"13,332.50"	"13,302.50"	-0.15
5-May-17	"13,330.00"	"13,333.00"	"13,348.00"	"13,328.00"	0.02
4-May-17	"13,327.50"	"13,316.50"	"13,333.50"	"13,316.50"	0.17
3-May-17	"13,305.50"	"13,292.50"	"13,312.50"	"13,291.50"	-0.05
2-May-17	"13,311.50"	"13,326.50"	"13,326.50"	"13,296.50"	-0.13
1-May-17	"13,329.00"	"13,329.00"	"13,329.00"	"13,329.00"	0
28-Apr-17	"13,329.00"	"13,317.00"	"13,340.00"	"13,317.00"	0.11
27-Apr-17	"13,314.00"	"13,286.00"	"13,317.00"	"13,286.00"	0.22
26-Apr-17	"13,285.00"	"13,279.00"	"13,287.00"	"13,272.00"	0.06
25-Apr-17	"13,277.50"	"13,302.50"	"13,305.50"	"13,277.50"	-0.32
24-Apr-17	"13,320.00"	"13,320.00"	"13,320.00"	"13,320.00"	0
21-Apr-17	"13,320.00"	"13,321.00"	"13,324.00"	"13,312.00"	-0.03
20-Apr-17	"13,323.50"	"13,321.50"	"13,336.50"	"13,315.50"	0.2
19-Apr-17	"13,296.50"	"13,296.50"	"13,296.50"	"13,296.50"	0
18-Apr-17	"13,296.50"	"13,276.50"	"13,301.50"	"13,276.50"	0.08
17-Apr-17	"13,285.50"	"13,252.50"	"13,285.50"	"13,252.50"	0.22
14-Apr-17	"13,256.50"	"13,256.50"	"13,256.50"	"13,256.50"	0
13-Apr-17	"13,256.50"	"13,251.50"	"13,267.50"	"13,246.50"	-0.14
12-Apr-17	"13,275.00"	"13,286.00"	"13,301.00"	"13,266.00"	-0.05
11-Apr-17	"13,281.50"	"13,271.50"	"13,291.50"	"13,271.50"	-0.04
10-Apr-17	"13,286.50"	"13,326.50"	"13,329.50"	"13,276.50"	-0.23
7-Apr-17	"13,317.50"	"13,332.50"	"13,347.50"	"13,317.50"	-0.13
6-Apr-17	"13,335.50"	"13,317.50"	"13,339.50"	"13,317.50"	0.11
5-Apr-17	"13,321.00"	"13,326.00"	"13,331.00"	"13,316.00"	-0.05
4-Apr-17	"13,328.00"	"13,326.00"	"13,330.00"	"13,319.00"	0.04
3-Apr-17	"13,322.50"	"13,317.50"	"13,327.50"	"13,317.50"	-0.02
31-Mar-17	"13,325.50"	"13,317.50"	"13,327.50"	"13,312.50"	0.07
30-Mar-17	"13,316.00"	"13,308.00"	"13,328.00"	"13,303.00"	0.02
29-Mar-17	"13,313.50"	"13,311.50"	"13,333.50"	"13,306.50"	0.02
28-Mar-17	"13,310.50"	"13,310.50"	"13,310.50"	"13,310.50"	0
27-Mar-17	"13,310.50"	"13,301.50"	"13,319.50"	"13,301.50"	-0.12
24-Mar-17	"13,326.50"	"13,320.50"	"13,335.50"	"13,320.50"	0.02
23-Mar-17	"13,324.50"	"13,325.50"	"13,331.50"	"13,320.50"	-0.03
22-Mar-17	"13,329.00"	"13,326.00"	"13,339.00"	"13,316.00"	0.08
21-Mar-17	"13,319.00"	"13,301.00"	"13,324.00"	"13,296.00"	0.04
20-Mar-17	"13,313.50"	"13,331.50"	"13,336.50"	"13,306.50"	-0.24
17-Mar-17	"13,345.00"	"13,333.00"	"13,356.00"	"13,323.00"	-0.03
16-Mar-17	"13,348.50"	"13,323.50"	"13,353.50"	"13,323.50"	-0.12
15-Mar-17	"13,365.00"	"13,365.00"	"13,380.00"	"13,365.00"	-0.05
14-Mar-17	"13,371.50"	"13,356.50"	"13,373.50"	"13,356.50"	0.12
13-Mar-17	"13,356.00"	"13,351.00"	"13,366.00"	"13,351.00"	-0.17
10-Mar-17	"13,379.00"	"13,386.00"	"13,396.00"	"13,379.00"	-0.06
9-Mar-17	"13,386.50"	"13,366.50"	"13,386.50"	"13,366.50"	0.27
8-Mar-17	"13,350.00"	"13,350.00"	"13,353.00"	"13,338.00"	0.02
7-Mar-17	"13,347.00"	"13,339.00"	"13,351.00"	"13,339.00"	-0.02
6-Mar-17	"13,350.00"	"13,362.00"	"13,372.00"	"13,342.00"	-0.24
3-Mar-17	"13,382.50"	"13,362.50"	"13,382.50"	"13,362.50"	0.18
2-Mar-17	"13,358.50"	"13,361.50"	"13,366.50"	"13,351.50"	-0.03
1-Mar-17	"13,362.00"	"13,356.00"	"13,366.00"	"13,351.00"	0.19
28-Feb-17	"13,336.00"	"13,350.00"	"13,355.00"	"13,336.00"	-0.05
27-Feb-17	"13,342.50"	"13,331.50"	"13,349.50"	"13,331.50"	0.09
24-Feb-17	"13,330.50"	"13,326.50"	"13,337.50"	"13,326.50"	-0.15
23-Feb-17	"13,351.00"	"13,356.00"	"13,363.00"	"13,344.00"	-0.12
22-Feb-17	"13,367.00"	"13,360.00"	"13,368.00"	"13,350.00"	-0.04
21-Feb-17	"13,372.50"	"13,367.50"	"13,377.50"	"13,360.50"	0.14
20-Feb-17	"13,354.00"	"13,331.00"	"13,359.00"	"13,326.00"	0.16
17-Feb-17	"13,332.50"	"13,327.50"	"13,337.50"	"13,322.50"	0.09
16-Feb-17	"13,320.00"	"13,315.00"	"13,336.00"	"13,315.00"	-0.08
15-Feb-17	"13,330.50"	"13,330.50"	"13,330.50"	"13,330.50"	0
14-Feb-17	"13,330.50"	"13,322.50"	"13,334.50"	"13,315.50"	0.03
13-Feb-17	"13,326.50"	"13,326.50"	"13,331.50"	"13,316.50"	0.08
10-Feb-17	"13,315.50"	"13,315.50"	"13,322.50"	"13,303.50"	0.1
9-Feb-17	"13,302.50"	"13,312.50"	"13,317.50"	"13,282.50"	-0.17
8-Feb-17	"13,325.00"	"13,338.00"	"13,345.00"	"13,324.00"	-0.03
7-Feb-17	"13,328.50"	"13,324.50"	"13,339.50"	"13,319.50"	0.05
6-Feb-17	"13,322.50"	"13,317.50"	"13,334.50"	"13,316.50"	-0.17
3-Feb-17	"13,345.00"	"13,365.00"	"13,375.00"	"13,340.00"	-0.06
2-Feb-17	"13,352.50"	"13,362.50"	"13,377.50"	"13,347.50"	-0.15
1-Feb-17	"13,372.50"	"13,342.50"	"13,387.50"	"13,337.50"	0.15
31-Jan-17	"13,352.00"	"13,340.00"	"13,360.00"	"13,335.00"	0.05
30-Jan-17	"13,345.00"	"13,335.00"	"13,358.00"	"13,335.00"	-0.1
27-Jan-17	"13,358.50"	"13,356.50"	"13,366.50"	"13,346.50"	0.17
26-Jan-17	"13,336.00"	"13,311.00"	"13,342.00"	"13,311.00"	-0.18
25-Jan-17	"13,360.50"	"13,339.50"	"13,364.50"	"13,334.50"	0.22
24-Jan-17	"13,331.00"	"13,339.00"	"13,341.00"	"13,304.00"	-0.22
23-Jan-17	"13,360.00"	"13,380.00"	"13,385.00"	"13,345.00"	-0.37
20-Jan-17	"13,410.00"	"13,395.00"	"13,410.00"	"13,375.00"	0.28
19-Jan-17	"13,373.00"	"13,375.00"	"13,385.00"	"13,355.00"	0.23
18-Jan-17	"13,342.50"	"13,322.50"	"13,342.50"	"13,317.50"	-0.07
17-Jan-17	"13,351.50"	"13,351.50"	"13,381.50"	"13,331.50"	-0.11
16-Jan-17	"13,366.50"	"13,303.50"	"13,368.50"	"13,303.50"	0.26
13-Jan-17	"13,331.50"	"13,295.50"	"13,333.50"	"13,293.50"	0.31
12-Jan-17	"13,290.00"	"13,285.00"	"13,310.00"	"13,265.00"	-0.29
11-Jan-17	"13,329.00"	"13,311.00"	"13,331.00"	"13,301.00"	0.11
10-Jan-17	"13,315.00"	"13,325.00"	"13,335.00"	"13,285.00"	-0.37
9-Jan-17	"13,365.00"	"13,390.00"	"13,398.00"	"13,365.00"	0
6-Jan-17	"13,365.00"	"13,340.00"	"13,365.00"	"13,334.00"	-0.07
5-Jan-17	"13,375.00"	"13,405.00"	"13,405.00"	"13,315.00"	-0.48
4-Jan-17	"13,440.00"	"13,470.00"	"13,485.00"	"13,435.00"	-0.29
3-Jan-17	"13,479.50"	"13,461.50"	"13,486.50"	"13,461.50"	0.05
2-Jan-17	"13,472.50"	"13,472.50"	"13,472.50"	"13,472.50"	0
30-Dec-16	"13,472.50"	"13,447.50"	"13,472.50"	"13,422.50"	0.07
29-Dec-16	"13,462.50"	"13,447.50"	"13,482.50"	"13,447.50"	0.15
28-Dec-16	"13,442.50"	"13,412.50"	"13,462.50"	"13,412.50"	-0.04
27-Dec-16	"13,447.50"	"13,432.50"	"13,447.50"	"13,422.50"	-0.02
26-Dec-16	"13,450.00"	"13,450.00"	"13,450.00"	"13,450.00"	0
23-Dec-16	"13,450.00"	"13,455.00"	"13,479.00"	"13,435.00"	-0.02
22-Dec-16	"13,452.50"	"13,452.50"	"13,452.50"	"13,427.50"	-0.12
21-Dec-16	"13,469.00"	"13,431.00"	"13,486.00"	"13,431.00"	0.31
20-Dec-16	"13,427.50"	"13,372.50"	"13,427.50"	"13,372.50"	0.33
19-Dec-16	"13,384.00"	"13,384.00"	"13,389.00"	"13,374.00"	-0.04
16-Dec-16	"13,390.00"	"13,405.00"	"13,435.00"	"13,365.00"	-0.06
15-Dec-16	"13,397.50"	"13,302.50"	"13,397.50"	"13,302.50"	0.76
14-Dec-16	"13,296.00"	"13,284.00"	"13,296.00"	"13,274.00"	-0.09
13-Dec-16	"13,307.50"	"13,302.50"	"13,315.50"	"13,297.50"	-0.15
12-Dec-16	"13,327.50"	"13,327.50"	"13,327.50"	"13,327.50"	0
9-Dec-16	"13,327.50"	"13,322.50"	"13,342.50"	"13,317.50"	0.31
8-Dec-16	"13,286.50"	"13,291.50"	"13,311.50"	"13,271.50"	-0.29
7-Dec-16	"13,325.00"	"13,355.00"	"13,360.00"	"13,315.00"	-0.43
6-Dec-16	"13,382.50"	"13,387.50"	"13,419.50"	"13,357.50"	-0.37
5-Dec-16	"13,432.50"	"13,512.50"	"13,522.50"	"13,402.50"	-0.68
2-Dec-16	"13,525.00"	"13,505.00"	"13,535.00"	"13,465.00"	-0.15
1-Dec-16	"13,545.00"	"13,575.00"	"13,590.00"	"13,545.00"	-0.06
30-Nov-16	"13,552.50"	"13,532.50"	"13,572.50"	"13,515.50"	-0.15
29-Nov-16	"13,572.50"	"13,502.50"	"13,576.50"	"13,502.50"	0.31
28-Nov-16	"13,530.00"	"13,480.00"	"13,545.00"	"13,458.00"	0.09
25-Nov-16	"13,517.50"	"13,562.50"	"13,577.50"	"13,492.50"	-0.3
24-Nov-16	"13,557.50"	"13,502.50"	"13,559.50"	"13,501.50"	0.56
23-Nov-16	"13,482.50"	"13,447.50"	"13,487.50"	"13,447.50"	0.3
22-Nov-16	"13,442.50"	"13,402.50"	"13,450.50"	"13,402.50"	0.13
21-Nov-16	"13,425.00"	"13,430.00"	"13,450.00"	"13,425.00"	-0.02
18-Nov-16	"13,427.50"	"13,377.50"	"13,431.50"	"13,372.50"	0.41
17-Nov-16	"13,372.50"	"13,382.50"	"13,399.50"	"13,367.50"	-0.04
16-Nov-16	"13,377.50"	"13,352.50"	"13,382.50"	"13,332.50"	0.11
15-Nov-16	"13,362.50"	"13,332.50"	"13,392.50"	"13,302.50"	0.04
14-Nov-16	"13,357.50"	"13,302.50"	"13,377.50"	"13,302.50"	0.53
11-Nov-16	"13,287.50"	"13,177.50"	"13,492.50"	"13,177.50"	1.14
10-Nov-16	"13,137.50"	"13,112.50"	"13,137.50"	"13,107.50"	0.29
9-Nov-16	"13,099.00"	"13,051.00"	"13,176.00"	"13,050.00"	0.11
8-Nov-16	"13,084.00"	"13,070.00"	"13,091.00"	"13,066.00"	-0.03
7-Nov-16	"13,088.00"	"13,072.00"	"13,088.00"	"13,071.00"	0.14
4-Nov-16	"13,070.00"	"13,080.00"	"13,115.00"	"13,065.00"	-0.04
3-Nov-16	"13,075.00"	"13,045.00"	"13,075.00"	"13,045.00"	0.15
2-Nov-16	"13,056.00"	"13,041.00"	"13,066.00"	"13,040.00"	0.11
1-Nov-16	"13,041.50"	"13,026.50"	"13,041.50"	"13,026.50"	-0.05
31-Oct-16	"13,048.00"	"13,051.00"	"13,053.00"	"13,040.00"	-0.02
28-Oct-16	"13,050.50"	"13,027.50"	"13,052.50"	"13,027.50"	0.13
27-Oct-16	"13,033.00"	"13,011.00"	"13,033.00"	"13,011.00"	0.2
26-Oct-16	"13,007.50"	"12,992.50"	"13,009.50"	"12,982.50"	0.01
25-Oct-16	"13,006.00"	"13,019.00"	"13,029.00"	"13,004.00"	-0.05
24-Oct-16	"13,013.00"	"13,031.00"	"13,051.00"	"13,006.00"	-0.25
21-Oct-16	"13,045.00"	"13,015.00"	"13,045.00"	"13,010.00"	0.29
20-Oct-16	"13,007.50"	"12,982.50"	"13,010.50"	"12,982.50"	0
19-Oct-16	"13,007.50"	"13,017.50"	"13,017.50"	"12,997.50"	-0.19
18-Oct-16	"13,032.00"	"13,022.00"	"13,054.00"	"13,022.00"	-0.28
17-Oct-16	"13,068.50"	"13,036.50"	"13,071.50"	"13,036.50"	0.18
14-Oct-16	"13,044.50"	"13,052.50"	"13,072.50"	"13,032.50"	-0.25
13-Oct-16	"13,077.50"	"13,022.50"	"13,077.50"	"13,017.50"	0.45
12-Oct-16	"13,018.50"	"13,001.50"	"13,026.50"	"13,001.50"	0.05
11-Oct-16	"13,012.50"	"12,977.50"	"13,017.50"	"12,977.50"	0.27
10-Oct-16	"12,977.50"	"12,952.50"	"12,982.50"	"12,952.50"	-0.06
7-Oct-16	"12,985.00"	"13,002.00"	"13,007.00"	"12,980.00"	-0.02
6-Oct-16	"12,987.00"	"12,991.00"	"12,996.00"	"12,981.00"	-0.08
5-Oct-16	"12,997.50"	"13,002.50"	"13,013.50"	"12,982.50"	0.12
4-Oct-16	"12,981.50"	"12,981.50"	"12,999.50"	"12,971.50"	-0.01
3-Oct-16	"12,982.50"	"13,022.50"	"13,022.50"	"12,967.50"	-0.52
30-Sep-16	"13,051.00"	"12,984.00"	"13,054.00"	"12,984.00"	0.59
29-Sep-16	"12,975.00"	"12,940.00"	"12,985.00"	"12,930.00"	0.21
28-Sep-16	"12,947.50"	"12,932.50"	"12,957.50"	"12,917.50"	-0.06
27-Sep-16	"12,955.00"	"13,023.00"	"13,050.00"	"12,935.00"	-0.58
26-Sep-16	"13,030.00"	"13,075.00"	"13,085.00"	"13,030.00"	-0.36
23-Sep-16	"13,076.50"	"13,061.50"	"13,101.50"	"13,051.50"	-0.1
22-Sep-16	"13,090.00"	"13,090.00"	"13,110.00"	"13,080.00"	-0.35
21-Sep-16	"13,135.50"	"13,131.50"	"13,161.50"	"13,131.50"	-0.13
20-Sep-16	"13,152.50"	"13,142.50"	"13,157.50"	"13,137.50"	-0.03
19-Sep-16	"13,156.00"	"13,161.00"	"13,176.00"	"13,151.00"	-0.01
16-Sep-16	"13,157.50"	"13,132.50"	"13,160.50"	"13,117.50"	-0.13
15-Sep-16	"13,175.00"	"13,185.00"	"13,200.00"	"13,160.00"	-0.22
14-Sep-16	"13,204.50"	"13,207.50"	"13,240.50"	"13,197.50"	0.26
13-Sep-16	"13,170.00"	"13,130.00"	"13,193.00"	"13,130.00"	0.54
12-Sep-16	"13,099.50"	"13,099.50"	"13,099.50"	"13,099.50"	0
9-Sep-16	"13,099.50"	"13,082.50"	"13,107.50"	"13,071.50"	0.28
8-Sep-16	"13,062.50"	"13,062.50"	"13,105.50"	"13,057.50"	-0.17
7-Sep-16	"13,085.00"	"13,080.00"	"13,095.00"	"13,075.00"	-0.32
6-Sep-16	"13,126.50"	"13,151.50"	"13,166.50"	"13,121.50"	-0.2
5-Sep-16	"13,152.50"	"13,217.50"	"13,217.50"	"13,147.50"	-0.71
2-Sep-16	"13,247.00"	"13,247.00"	"13,265.00"	"13,235.00"	-0.16
1-Sep-16	"13,268.00"	"13,262.00"	"13,280.00"	"13,257.00"	0
31-Aug-16	"13,267.50"	"13,282.50"	"13,308.50"	"13,256.50"	-0.08
30-Aug-16	"13,277.50"	"13,242.50"	"13,277.50"	"13,242.50"	0.09
29-Aug-16	"13,265.00"	"13,235.00"	"13,285.00"	"13,235.00"	0.45
26-Aug-16	"13,206.00"	"13,226.00"	"13,244.00"	"13,206.00"	-0.27
25-Aug-16	"13,241.50"	"13,241.50"	"13,271.50"	"13,239.50"	-0.05
24-Aug-16	"13,247.50"	"13,232.50"	"13,272.50"	"13,232.50"	0.22
23-Aug-16	"13,219.00"	"13,201.00"	"13,231.00"	"13,201.00"	0.06
22-Aug-16	"13,211.50"	"13,161.50"	"13,236.50"	"13,161.50"	0.41
19-Aug-16	"13,157.50"	"13,112.50"	"13,157.50"	"13,112.50"	0.31
18-Aug-16	"13,116.50"	"13,100.50"	"13,116.50"	"13,090.50"	0.16
17-Aug-16	"13,096.00"	"13,096.00"	"13,096.00"	"13,096.00"	0
16-Aug-16	"13,096.00"	"13,081.00"	"13,104.00"	"13,081.00"	-0.13
15-Aug-16	"13,112.50"	"13,117.50"	"13,124.50"	"13,102.50"	-0.06
12-Aug-16	"13,121.00"	"13,111.00"	"13,123.00"	"13,111.00"	0.03
11-Aug-16	"13,117.00"	"13,101.00"	"13,124.00"	"13,101.00"	0.03
10-Aug-16	"13,113.50"	"13,111.50"	"13,124.50"	"13,111.50"	-0.14
9-Aug-16	"13,132.50"	"13,122.50"	"13,135.50"	"13,117.50"	0.02
8-Aug-16	"13,130.00"	"13,131.00"	"13,151.00"	"13,124.00"	0.01
5-Aug-16	"13,128.50"	"13,118.50"	"13,131.50"	"13,114.50"	-0.07
4-Aug-16	"13,137.50"	"13,132.50"	"13,149.50"	"13,132.50"	0.1
3-Aug-16	"13,125.00"	"13,115.00"	"13,142.00"	"13,090.00"	0.21
2-Aug-16	"13,097.50"	"13,062.50"	"13,102.50"	"13,062.50"	0.2
1-Aug-16	"13,071.00"	"13,081.00"	"13,081.00"	"13,066.00"	-0.21
29-Jul-16	"13,098.50"	"13,091.50"	"13,112.50"	"13,081.50"	-0.02
28-Jul-16	"13,101.00"	"13,101.00"	"13,118.00"	"13,093.00"	-0.3
27-Jul-16	"13,140.00"	"13,145.00"	"13,150.00"	"13,106.00"	-0.21
26-Jul-16	"13,167.50"	"13,141.50"	"13,167.50"	"13,119.50"	0.21
25-Jul-16	"13,140.00"	"13,120.00"	"13,145.00"	"13,120.00"	0.24
22-Jul-16	"13,108.50"	"13,081.50"	"13,109.50"	"13,081.50"	0.06
21-Jul-16	"13,100.00"	"13,125.00"	"13,130.00"	"13,090.00"	-0.1
20-Jul-16	"13,112.50"	"13,092.50"	"13,122.50"	"13,082.50"	0.18
19-Jul-16	"13,089.00"	"13,081.00"	"13,091.00"	"13,081.00"	0.01
18-Jul-16	"13,087.50"	"13,102.50"	"13,117.50"	"13,087.50"	-0.03
15-Jul-16	"13,091.50"	"13,061.50"	"13,094.50"	"13,061.50"	0.07
14-Jul-16	"13,082.50"	"13,072.50"	"13,092.50"	"13,071.50"	-0.1
13-Jul-16	"13,095.00"	"13,095.00"	"13,120.00"	"13,084.00"	-0.19
12-Jul-16	"13,120.00"	"13,125.00"	"13,165.00"	"13,105.00"	0.23
11-Jul-16	"13,090.00"	"13,115.00"	"13,125.00"	"13,090.00"	-0.29
8-Jul-16	"13,127.50"	"13,127.50"	"13,127.50"	"13,127.50"	0
7-Jul-16	"13,127.50"	"13,127.50"	"13,127.50"	"13,127.50"	0
6-Jul-16	"13,127.50"	"13,127.50"	"13,127.50"	"13,127.50"	0
5-Jul-16	"13,127.50"	"13,127.50"	"13,127.50"	"13,127.50"	0
4-Jul-16	"13,127.50"	"13,127.50"	"13,127.50"	"13,127.50"	-0.1
1-Jul-16	"13,140.00"	"13,160.00"	"13,185.00"	"13,125.00"	-0.55
30-Jun-16	"13,212.50"	"13,172.50"	"13,217.50"	"13,157.50"	0.39
29-Jun-16	"13,161.50"	"13,161.50"	"13,201.50"	"13,131.50"	-0.12
28-Jun-16	"13,177.50"	"13,307.50"	"13,307.50"	"13,157.50"	-1.22
27-Jun-16	"13,340.00"	"13,385.00"	"13,520.00"	"13,293.00"	-0.3
24-Jun-16	"13,380.00"	"13,244.00"	"13,435.00"	"13,244.00"	0.92
23-Jun-16	"13,257.50"	"13,267.50"	"13,270.50"	"13,242.50"	-0.2
22-Jun-16	"13,284.00"	"13,274.00"	"13,309.00"	"13,274.00"	0.16
21-Jun-16	"13,262.50"	"13,252.50"	"13,302.50"	"13,252.50"	-0.02
20-Jun-16	"13,265.00"	"13,285.00"	"13,285.00"	"13,245.00"	-0.54
17-Jun-16	"13,337.50"	"13,352.50"	"13,369.50"	"13,332.50"	-0.22
16-Jun-16	"13,367.50"	"13,322.50"	"13,367.50"	"13,302.50"	-0.04
15-Jun-16	"13,372.50"	"13,382.50"	"13,417.50"	"13,357.50"	0.06
14-Jun-16	"13,365.00"	"13,270.00"	"13,390.00"	"13,265.00"	0.65
13-Jun-16	"13,278.50"	"13,326.50"	"13,341.50"	"13,266.50"	-0.14
10-Jun-16	"13,297.50"	"13,282.50"	"13,317.50"	"13,282.50"	0.25
9-Jun-16	"13,265.00"	"13,215.00"	"13,270.00"	"13,205.00"	0
8-Jun-16	"13,265.00"	"13,245.00"	"13,275.00"	"13,205.00"	-0.04
7-Jun-16	"13,270.00"	"13,375.00"	"13,385.00"	"13,260.00"	-0.8
6-Jun-16	"13,377.50"	"13,502.50"	"13,502.50"	"13,367.50"	-1.57
3-Jun-16	"13,591.50"	"13,621.50"	"13,641.50"	"13,586.50"	-0.41
2-Jun-16	"13,647.50"	"13,671.50"	"13,700.50"	"13,642.50"	-0.09
1-Jun-16	"13,660.00"	"13,655.00"	"13,695.00"	"13,645.00"	0
31-May-16	"13,660.00"	"13,625.00"	"13,660.00"	"13,595.00"	0.11
30-May-16	"13,645.00"	"13,610.00"	"13,655.00"	"13,610.00"	0.46
27-May-16	"13,583.00"	"13,557.00"	"13,587.00"	"13,557.00"	-0.15
26-May-16	"13,603.50"	"13,616.50"	"13,636.50"	"13,591.50"	-0.38
25-May-16	"13,655.00"	"13,655.00"	"13,685.00"	"13,615.00"	-0.26
24-May-16	"13,690.00"	"13,565.00"	"13,695.00"	"13,565.00"	0.79
23-May-16	"13,582.50"	"13,587.50"	"13,617.50"	"13,557.50"	-0.18
20-May-16	"13,607.50"	"13,542.50"	"13,652.50"	"13,532.50"	0.39
19-May-16	"13,555.00"	"13,445.00"	"13,560.00"	"13,430.00"	1.24
18-May-16	"13,389.00"	"13,315.00"	"13,389.00"	"13,310.00"	0.68
17-May-16	"13,298.50"	"13,293.50"	"13,308.50"	"13,267.50"	-0.03
16-May-16	"13,302.50"	"13,317.50"	"13,332.50"	"13,302.50"	-0.11
13-May-16	"13,317.50"	"13,302.50"	"13,324.50"	"13,297.50"	0.15
12-May-16	"13,297.50"	"13,302.50"	"13,312.50"	"13,282.50"	-0.06
11-May-16	"13,305.00"	"13,265.00"	"13,305.00"	"13,255.00"	0.13
10-May-16	"13,287.50"	"13,322.50"	"13,337.50"	"13,262.50"	-0.02
9-May-16	"13,290.00"	"13,305.00"	"13,305.00"	"13,275.00"	0.37
6-May-16	"13,241.50"	"13,241.50"	"13,241.50"	"13,241.50"	0
5-May-16	"13,241.50"	"13,241.50"	"13,241.50"	"13,241.50"	0
4-May-16	"13,241.50"	"13,211.50"	"13,251.50"	"13,141.50"	0.36
3-May-16	"13,194.50"	"13,144.50"	"13,196.50"	"13,134.50"	0.11
2-May-16	"13,180.00"	"13,175.00"	"13,195.00"	"13,175.00"	-0.04
29-Apr-16	"13,185.00"	"13,174.00"	"13,230.00"	"13,118.00"	-0.01
28-Apr-16	"13,186.50"	"13,161.50"	"13,211.50"	"13,151.50"	-0.06
27-Apr-16	"13,194.50"	"13,182.50"	"13,207.50"	"13,152.50"	-0.04
26-Apr-16	"13,200.00"	"13,205.00"	"13,230.00"	"13,190.00"	0.02
25-Apr-16	"13,197.50"	"13,202.50"	"13,242.50"	"13,192.50"	0
22-Apr-16	"13,197.50"	"13,152.50"	"13,207.50"	"13,152.50"	0.3
21-Apr-16	"13,157.50"	"13,152.50"	"13,187.50"	"13,147.50"	0.13
20-Apr-16	"13,141.00"	"13,105.00"	"13,151.00"	"13,105.00"	-0.05
19-Apr-16	"13,147.50"	"13,132.50"	"13,157.50"	"13,132.50"	-0.21
18-Apr-16	"13,175.00"	"13,185.00"	"13,220.00"	"13,175.00"	0
15-Apr-16	"13,175.00"	"13,175.00"	"13,180.00"	"13,145.00"	-0.02
14-Apr-16	"13,177.50"	"13,217.50"	"13,252.50"	"13,177.50"	0.13
13-Apr-16	"13,160.00"	"13,085.00"	"13,190.00"	"13,085.00"	0.35
12-Apr-16	"13,113.50"	"13,116.50"	"13,126.50"	"13,106.50"	-0.11
11-Apr-16	"13,127.50"	"13,102.50"	"13,139.50"	"13,102.50"	-0.11
8-Apr-16	"13,142.50"	"13,162.50"	"13,187.50"	"13,137.50"	-0.13
7-Apr-16	"13,160.00"	"13,175.00"	"13,212.00"	"13,155.00"	-0.47
6-Apr-16	"13,222.50"	"13,212.50"	"13,232.50"	"13,172.50"	0.03
5-Apr-16	"13,219.00"	"13,194.00"	"13,234.00"	"13,179.00"	0.4
4-Apr-16	"13,166.50"	"13,121.50"	"13,176.50"	"13,121.50"	0.05
1-Apr-16	"13,160.00"	"13,175.00"	"13,210.00"	"13,155.00"	-0.75
31-Mar-16	"13,260.00"	"13,255.00"	"13,296.00"	"13,240.00"	-0.06
30-Mar-16	"13,267.50"	"13,302.50"	"13,377.50"	"13,255.50"	-0.97
29-Mar-16	"13,397.50"	"13,327.50"	"13,432.50"	"13,317.50"	0.22
28-Mar-16	"13,367.50"	"13,277.50"	"13,367.50"	"13,277.50"	0.87
25-Mar-16	"13,252.50"	"13,252.50"	"13,252.50"	"13,252.50"	0
24-Mar-16	"13,252.50"	"13,202.50"	"13,262.50"	"13,152.50"	0.57
23-Mar-16	"13,177.50"	"13,152.50"	"13,202.50"	"13,141.50"	-0.02
22-Mar-16	"13,180.00"	"13,155.00"	"13,190.00"	"13,135.00"	0.34
21-Mar-16	"13,135.00"	"13,125.00"	"13,180.00"	"13,125.00"	0.13
18-Mar-16	"13,117.50"	"13,027.50"	"13,127.50"	"13,002.50"	0.17
17-Mar-16	"13,095.00"	"13,205.00"	"13,205.00"	"13,080.00"	-1.3
16-Mar-16	"13,267.50"	"13,162.50"	"13,282.50"	"13,132.50"	0.68
15-Mar-16	"13,177.50"	"13,057.50"	"13,177.50"	"13,056.50"	0.9
14-Mar-16	"13,060.00"	"12,975.00"	"13,060.00"	"12,975.00"	-0.08
11-Mar-16	"13,070.00"	"13,105.00"	"13,105.00"	"13,065.00"	-0.02
10-Mar-16	"13,072.50"	"13,127.50"	"13,162.50"	"13,062.50"	-0.54
9-Mar-16	"13,143.00"	"13,143.00"	"13,143.00"	"13,143.00"	0
8-Mar-16	"13,143.00"	"13,095.00"	"13,160.00"	"13,085.00"	0.4
7-Mar-16	"13,090.00"	"13,005.00"	"13,090.00"	"12,955.00"	-0.34
4-Mar-16	"13,135.00"	"13,155.00"	"13,175.00"	"13,110.00"	-0.76
3-Mar-16	"13,235.00"	"13,290.00"	"13,290.00"	"13,235.00"	-0.41
2-Mar-16	"13,290.00"	"13,295.00"	"13,325.00"	"13,255.00"	-0.45
1-Mar-16	"13,350.00"	"13,330.00"	"13,380.00"	"13,330.00"	-0.16
29-Feb-16	"13,372.00"	"13,380.00"	"13,410.00"	"13,371.00"	0.01
26-Feb-16	"13,370.00"	"13,380.00"	"13,406.00"	"13,360.00"	-0.3
25-Feb-16	"13,410.50"	"13,384.50"	"13,434.50"	"13,384.50"	-0.01
24-Feb-16	"13,412.50"	"13,427.50"	"13,457.50"	"13,407.50"	-0.09
23-Feb-16	"13,425.00"	"13,405.00"	"13,435.00"	"13,380.00"	-0.09
22-Feb-16	"13,437.50"	"13,482.50"	"13,490.50"	"13,422.50"	-0.43
19-Feb-16	"13,495.00"	"13,505.00"	"13,565.00"	"13,495.00"	0
18-Feb-16	"13,495.00"	"13,455.00"	"13,505.00"	"13,435.00"	-0.11
17-Feb-16	"13,510.00"	"13,445.00"	"13,515.00"	"13,445.00"	0.82
16-Feb-16	"13,400.00"	"13,305.00"	"13,415.00"	"13,295.00"	0.19
15-Feb-16	"13,375.00"	"13,460.00"	"13,490.00"	"13,375.00"	-0.85
12-Feb-16	"13,490.00"	"13,455.00"	"13,525.00"	"13,424.00"	0.2
11-Feb-16	"13,462.50"	"13,372.50"	"13,462.50"	"13,327.50"	0
10-Feb-16	"13,462.50"	"13,582.50"	"13,602.50"	"13,402.50"	-1.05
9-Feb-16	"13,605.00"	"13,663.00"	"13,713.00"	"13,603.00"	-0.15
8-Feb-16	"13,625.00"	"13,625.00"	"13,625.00"	"13,625.00"	0
5-Feb-16	"13,625.00"	"13,625.00"	"13,670.00"	"13,595.00"	-0.09
4-Feb-16	"13,637.50"	"13,672.50"	"13,682.50"	"13,632.50"	-0.93
3-Feb-16	"13,765.00"	"13,715.00"	"13,835.00"	"13,695.00"	0.57
2-Feb-16	"13,687.50"	"13,622.50"	"13,702.50"	"13,607.50"	0.37
1-Feb-16	"13,637.50"	"13,752.50"	"13,777.50"	"13,572.50"	-1
29-Jan-16	"13,775.00"	"13,805.00"	"13,855.00"	"13,755.00"	-0.72
28-Jan-16	"13,874.50"	"13,889.50"	"13,909.50"	"13,864.50"	-0.03
27-Jan-16	"13,878.50"	"13,851.50"	"13,891.50"	"13,846.50"	-0.15
26-Jan-16	"13,900.00"	"13,880.00"	"13,925.00"	"13,880.00"	0.2
25-Jan-16	"13,872.50"	"13,812.50"	"13,872.50"	"13,812.50"	0.16
22-Jan-16	"13,850.00"	"13,855.00"	"13,888.00"	"13,844.00"	-0.43
21-Jan-16	"13,910.00"	"13,908.00"	"13,928.00"	"13,863.00"	-0.36
20-Jan-16	"13,960.00"	"13,870.00"	"13,960.00"	"13,870.00"	0.58
19-Jan-16	"13,880.00"	"13,905.00"	"13,927.00"	"13,845.00"	-0.38
18-Jan-16	"13,932.50"	"13,902.50"	"13,952.50"	"13,902.50"	0.27
15-Jan-16	"13,894.50"	"13,814.50"	"13,914.50"	"13,814.50"	-0.11
14-Jan-16	"13,910.00"	"13,835.00"	"13,965.00"	"13,815.00"	0.6
13-Jan-16	"13,827.50"	"13,862.50"	"13,882.50"	"13,827.50"	-0.59
12-Jan-16	"13,910.00"	"13,855.00"	"13,910.00"	"13,810.00"	0.25
11-Jan-16	"13,875.00"	"13,915.00"	"13,955.00"	"13,870.00"	-0.34
8-Jan-16	"13,922.50"	"13,907.50"	"13,922.50"	"13,852.50"	-0.04
7-Jan-16	"13,927.50"	"13,922.50"	"13,977.50"	"13,862.50"	-0.14
6-Jan-16	"13,947.50"	"13,817.50"	"13,947.50"	"13,802.50"	0.61
5-Jan-16	"13,862.50"	"13,947.50"	"13,962.50"	"13,787.50"	-0.38
4-Jan-16	"13,915.00"	"13,805.00"	"13,920.00"	"13,805.00"	0.92
1-Jan-16	"13,787.50"	"13,787.50"	"13,787.50"	"13,787.50"	0
31-Dec-15	"13,787.50"	"13,772.50"	"13,817.50"	"13,772.50"	0.04
30-Dec-15	"13,782.50"	"13,722.50"	"13,822.50"	"13,722.50"	0.27
29-Dec-15	"13,745.00"	"13,635.00"	"13,753.00"	"13,635.00"	0.7
28-Dec-15	"13,650.00"	"13,605.00"	"13,665.00"	"13,605.00"	0.05
25-Dec-15	"13,642.50"	"13,642.50"	"13,642.50"	"13,642.50"	0
24-Dec-15	"13,642.50"	"13,642.50"	"13,642.50"	"13,642.50"	0
23-Dec-15	"13,642.50"	"13,602.50"	"13,672.50"	"13,602.50"	-0.24
22-Dec-15	"13,675.00"	"13,635.00"	"13,695.00"	"13,535.00"	-0.71
21-Dec-15	"13,772.50"	"13,862.50"	"13,922.50"	"13,732.50"	-1.04
18-Dec-15	"13,917.50"	"14,007.50"	"14,036.50"	"13,902.50"	-0.64
17-Dec-15	"14,006.50"	"14,011.50"	"14,056.50"	"14,001.50"	-0.45
16-Dec-15	"14,069.50"	"14,034.50"	"14,074.50"	"14,033.50"	0.09
15-Dec-15	"14,056.50"	"14,051.50"	"14,073.50"	"14,026.50"	-0.15
14-Dec-15	"14,077.50"	"14,022.50"	"14,092.50"	"14,002.50"	0.93
11-Dec-15	"13,947.50"	"13,912.50"	"13,950.50"	"13,902.50"	0.09
10-Dec-15	"13,935.00"	"13,930.00"	"13,979.00"	"13,845.00"	0.45
9-Dec-15	"13,872.50"	"13,872.50"	"13,872.50"	"13,872.50"	0
8-Dec-15	"13,872.50"	"13,842.50"	"13,875.50"	"13,837.50"	0.22
7-Dec-15	"13,842.50"	"13,802.50"	"13,852.50"	"13,802.50"	0.08
4-Dec-15	"13,832.00"	"13,832.00"	"13,842.00"	"13,821.00"	-0.08
3-Dec-15	"13,843.50"	"13,801.50"	"13,851.50"	"13,801.50"	0.33
2-Dec-15	"13,797.50"	"13,752.50"	"13,805.50"	"13,737.50"	0.11
1-Dec-15	"13,782.50"	"13,827.50"	"13,837.50"	"13,781.50"	-0.38
30-Nov-15	"13,835.00"	"13,780.00"	"13,850.00"	"13,780.00"	0.4
27-Nov-15	"13,780.00"	"13,735.00"	"13,780.00"	"13,735.00"	0.38
26-Nov-15	"13,728.50"	"13,708.50"	"13,738.50"	"13,708.50"	0.3
25-Nov-15	"13,687.50"	"13,652.50"	"13,707.50"	"13,642.50"	-0.15
24-Nov-15	"13,707.50"	"13,677.50"	"13,732.50"	"13,677.50"	-0.11
23-Nov-15	"13,723.00"	"13,647.00"	"13,723.00"	"13,647.00"	0.5
20-Nov-15	"13,655.00"	"13,705.00"	"13,745.00"	"13,605.00"	-0.89
19-Nov-15	"13,777.50"	"13,752.50"	"13,797.50"	"13,727.50"	-0.16
18-Nov-15	"13,799.50"	"13,710.50"	"13,800.50"	"13,670.50"	0.38
17-Nov-15	"13,747.50"	"13,682.50"	"13,747.50"	"13,682.50"	0.15
16-Nov-15	"13,727.50"	"13,692.50"	"13,742.50"	"13,662.50"	0.46
13-Nov-15	"13,665.00"	"13,595.00"	"13,688.00"	"13,595.00"	0.46
12-Nov-15	"13,602.50"	"13,602.50"	"13,632.50"	"13,552.50"	0
11-Nov-15	"13,602.50"	"13,532.50"	"13,607.50"	"13,532.50"	-0.05
10-Nov-15	"13,609.50"	"13,627.50"	"13,642.50"	"13,592.50"	-0.28
9-Nov-15	"13,647.50"	"13,662.50"	"13,703.50"	"13,627.50"	0.65
6-Nov-15	"13,560.00"	"13,555.00"	"13,565.00"	"13,525.00"	-0.04
5-Nov-15	"13,565.00"	"13,545.00"	"13,645.00"	"13,545.00"	0.07
4-Nov-15	"13,555.00"	"13,465.00"	"13,555.00"	"13,425.00"	0
3-Nov-15	"13,555.00"	"13,580.00"	"13,615.00"	"13,535.00"	-0.82
2-Nov-15	"13,667.50"	"13,652.50"	"13,687.50"	"13,632.50"	-0.15
30-Oct-15	"13,687.50"	"13,562.50"	"13,707.50"	"13,562.50"	0.39
29-Oct-15	"13,635.00"	"13,560.00"	"13,650.00"	"13,515.00"	1.17
28-Oct-15	"13,477.50"	"13,627.50"	"13,640.50"	"13,472.50"	-1.06
27-Oct-15	"13,622.50"	"13,647.50"	"13,647.50"	"13,572.50"	-0.16
26-Oct-15	"13,645.00"	"13,605.00"	"13,680.00"	"13,545.00"	0.07
23-Oct-15	"13,635.00"	"13,555.00"	"13,650.00"	"13,405.00"	-0.16
22-Oct-15	"13,657.50"	"13,727.50"	"13,732.50"	"13,482.50"	-0.43
21-Oct-15	"13,717.00"	"13,680.00"	"13,750.00"	"13,665.00"	0.53
20-Oct-15	"13,645.00"	"13,585.00"	"13,655.00"	"13,585.00"	0.84
19-Oct-15	"13,531.50"	"13,501.50"	"13,571.50"	"13,501.50"	0.01
16-Oct-15	"13,530.00"	"13,480.00"	"13,580.00"	"13,450.00"	0.56
15-Oct-15	"13,455.00"	"13,515.00"	"13,515.00"	"13,215.00"	-1.21
14-Oct-15	"13,619.50"	"13,619.50"	"13,619.50"	"13,619.50"	0
13-Oct-15	"13,619.50"	"13,435.50"	"13,630.50"	"13,435.50"	1.6
12-Oct-15	"13,405.00"	"13,305.00"	"13,485.00"	"13,305.00"	-0.11
9-Oct-15	"13,420.00"	"13,710.00"	"13,820.00"	"13,270.00"	-3.23
8-Oct-15	"13,867.50"	"13,777.50"	"13,882.50"	"13,707.50"	0.31
7-Oct-15	"13,825.00"	"14,185.00"	"14,185.00"	"13,725.00"	-2.95
6-Oct-15	"14,245.50"	"14,464.50"	"14,474.50"	"14,144.50"	-1.72
5-Oct-15	"14,495.00"	"14,630.00"	"14,630.00"	"14,485.00"	-1.01
2-Oct-15	"14,642.50"	"14,692.50"	"14,707.50"	"14,642.50"	-0.19
1-Oct-15	"14,670.00"	"14,625.00"	"14,683.00"	"14,625.00"	0.14
30-Sep-15	"14,650.00"	"14,645.00"	"14,675.00"	"14,635.00"	-0.22
29-Sep-15	"14,682.50"	"14,702.50"	"14,732.50"	"14,662.50"	-0.1
28-Sep-15	"14,697.50"	"14,682.50"	"14,707.50"	"14,657.50"	0.09
25-Sep-15	"14,685.00"	"14,665.00"	"14,705.00"	"14,665.00"	0.26
24-Sep-15	"14,647.50"	"14,647.50"	"14,647.50"	"14,647.50"	0
23-Sep-15	"14,647.50"	"14,552.50"	"14,652.50"	"14,552.50"	1.03
22-Sep-15	"14,497.50"	"14,462.50"	"14,502.50"	"14,462.50"	0.29
21-Sep-15	"14,455.00"	"14,420.00"	"14,463.00"	"14,420.00"	0.56
18-Sep-15	"14,375.00"	"14,445.00"	"14,485.00"	"14,365.00"	-0.57
17-Sep-15	"14,457.50"	"14,442.50"	"14,460.50"	"14,437.50"	0.02
16-Sep-15	"14,455.00"	"14,395.00"	"14,465.00"	"14,395.00"	0.33
15-Sep-15	"14,407.50"	"14,341.50"	"14,412.50"	"14,341.50"	0.42
14-Sep-15	"14,347.50"	"14,307.50"	"14,347.50"	"14,306.50"	0.12
11-Sep-15	"14,330.00"	"14,295.00"	"14,335.00"	"14,280.00"	-0.02
10-Sep-15	"14,332.50"	"14,282.50"	"14,337.50"	"14,257.50"	0.5
9-Sep-15	"14,261.50"	"14,281.50"	"14,281.50"	"14,216.50"	-0.13
8-Sep-15	"14,280.00"	"14,240.00"	"14,298.00"	"14,240.00"	0.23
7-Sep-15	"14,247.50"	"14,212.50"	"14,251.50"	"14,202.50"	0.58
4-Sep-15	"14,165.00"	"14,155.00"	"14,193.00"	"14,155.00"	-0.03
3-Sep-15	"14,169.00"	"14,126.00"	"14,169.00"	"14,126.00"	0.28
2-Sep-15	"14,130.00"	"14,085.00"	"14,140.00"	"14,085.00"	0.23
1-Sep-15	"14,097.50"	"14,047.50"	"14,099.50"	"14,042.50"	0.34
31-Aug-15	"14,050.00"	"13,975.00"	"14,055.00"	"13,975.00"	0.48
28-Aug-15	"13,982.50"	"13,977.50"	"14,038.50"	"13,967.50"	-0.07
27-Aug-15	"13,992.50"	"14,082.50"	"14,137.50"	"13,982.50"	-0.92
26-Aug-15	"14,122.50"	"14,072.50"	"14,125.50"	"14,072.50"	0.41
25-Aug-15	"14,065.00"	"14,050.00"	"14,090.00"	"14,035.00"	0.13
24-Aug-15	"14,047.00"	"13,953.00"	"14,048.00"	"13,953.00"	0.75
21-Aug-15	"13,942.50"	"13,877.50"	"13,949.50"	"13,877.50"	0.52
20-Aug-15	"13,870.00"	"13,835.00"	"13,880.00"	"13,805.00"	0.2
19-Aug-15	"13,842.50"	"13,807.50"	"13,842.50"	"13,802.50"	0.18
18-Aug-15	"13,818.00"	"13,795.00"	"13,853.00"	"13,795.00"	0.22
17-Aug-15	"13,787.50"	"13,787.50"	"13,787.50"	"13,787.50"	0
14-Aug-15	"13,787.50"	"13,747.50"	"13,790.50"	"13,737.50"	0.31
13-Aug-15	"13,745.00"	"13,765.00"	"13,795.00"	"13,714.00"	-0.29
12-Aug-15	"13,785.00"	"13,655.00"	"13,830.00"	"13,655.00"	1.36
11-Aug-15	"13,600.00"	"13,535.00"	"13,600.00"	"13,515.00"	0.38
10-Aug-15	"13,549.00"	"13,531.00"	"13,549.00"	"13,526.00"	0.07
7-Aug-15	"13,539.50"	"13,526.50"	"13,543.50"	"13,523.50"	-0.01
6-Aug-15	"13,541.50"	"13,525.50"	"13,541.50"	"13,510.50"	0.2
5-Aug-15	"13,514.00"	"13,496.00"	"13,520.00"	"13,481.00"	0.21
4-Aug-15	"13,485.50"	"13,492.50"	"13,512.50"	"13,477.50"	-0.11
3-Aug-15	"13,500.00"	"13,495.00"	"13,515.00"	"13,474.00"	-0.2
31-Jul-15	"13,527.50"	"13,462.50"	"13,527.50"	"13,461.50"	0.45
30-Jul-15	"13,467.50"	"13,457.50"	"13,472.50"	"13,452.50"	0.09
29-Jul-15	"13,456.00"	"13,421.00"	"13,459.00"	"13,421.00"	-0.05
28-Jul-15	"13,462.50"	"13,442.50"	"13,466.50"	"13,441.50"	0.03
27-Jul-15	"13,459.00"	"13,441.00"	"13,466.00"	"13,441.00"	0.1
24-Jul-15	"13,445.00"	"13,425.00"	"13,462.00"	"13,418.00"	0.17
23-Jul-15	"13,422.50"	"13,377.50"	"13,422.50"	"13,372.50"	0.34
22-Jul-15	"13,377.50"	"13,332.50"	"13,382.50"	"13,332.50"	0.25
21-Jul-15	"13,344.50"	"13,344.50"	"13,344.50"	"13,344.50"	0
20-Jul-15	"13,344.50"	"13,344.50"	"13,344.50"	"13,344.50"	0
17-Jul-15	"13,344.50"	"13,344.50"	"13,344.50"	"13,344.50"	0
16-Jul-15	"13,344.50"	"13,344.50"	"13,344.50"	"13,344.50"	0
15-Jul-15	"13,344.50"	"13,322.50"	"13,344.50"	"13,312.50"	0.07
14-Jul-15	"13,335.00"	"13,305.00"	"13,350.00"	"13,303.00"	0.26
13-Jul-15	"13,300.00"	"13,316.00"	"13,317.00"	"13,279.00"	-0.1
10-Jul-15	"13,313.50"	"13,318.50"	"13,318.50"	"13,293.50"	-0.17
9-Jul-15	"13,336.00"	"13,354.00"	"13,359.00"	"13,324.00"	-0.07
8-Jul-15	"13,345.00"	"13,330.00"	"13,360.00"	"13,320.00"	0.13
7-Jul-15	"13,327.50"	"13,302.50"	"13,332.50"	"13,287.50"	-0.16
6-Jul-15	"13,349.50"	"13,341.50"	"13,361.50"	"13,311.50"	0.22
3-Jul-15	"13,320.00"	"13,297.00"	"13,327.00"	"13,297.00"	-0.13
2-Jul-15	"13,337.50"	"13,327.50"	"13,362.50"	"13,324.50"	0.09
1-Jul-15	"13,326.00"	"13,343.00"	"13,343.00"	"13,303.00"	-0.05
30-Jun-15	"13,332.50"	"13,324.50"	"13,337.50"	"13,312.50"	-0.09
29-Jun-15	"13,345.00"	"13,330.00"	"13,380.00"	"13,330.00"	0.26
26-Jun-15	"13,310.00"	"13,331.00"	"13,348.00"	"13,300.00"	-0.13
25-Jun-15	"13,327.50"	"13,292.50"	"13,332.50"	"13,292.50"	0.18
24-Jun-15	"13,303.50"	"13,253.50"	"13,308.50"	"13,253.50"	0.37
23-Jun-15	"13,255.00"	"13,305.00"	"13,325.00"	"13,250.00"	-0.41
22-Jun-15	"13,310.00"	"13,325.00"	"13,335.00"	"13,305.00"	-0.16
19-Jun-15	"13,331.50"	"13,306.50"	"13,334.50"	"13,301.50"	0.2
18-Jun-15	"13,305.00"	"13,338.00"	"13,348.00"	"13,298.00"	-0.47
17-Jun-15	"13,367.50"	"13,347.50"	"13,373.50"	"13,347.50"	0.11
16-Jun-15	"13,353.00"	"13,330.00"	"13,355.00"	"13,325.00"	0.13
15-Jun-15	"13,335.00"	"13,316.00"	"13,340.00"	"13,315.00"	0.02
12-Jun-15	"13,332.50"	"13,302.50"	"13,337.50"	"13,302.50"	0.09
11-Jun-15	"13,320.50"	"13,264.50"	"13,325.50"	"13,254.50"	0.06
10-Jun-15	"13,312.50"	"13,307.50"	"13,339.50"	"13,287.50"	0.08
9-Jun-15	"13,302.50"	"13,332.50"	"13,386.50"	"13,296.50"	-0.58
8-Jun-15	"13,379.50"	"13,335.50"	"13,385.50"	"13,335.50"	0.78
5-Jun-15	"13,275.50"	"13,294.50"	"13,299.50"	"13,274.50"	-0.05
4-Jun-15	"13,282.00"	"13,213.00"	"13,293.00"	"13,213.00"	0.46
3-Jun-15	"13,221.00"	"13,191.00"	"13,221.00"	"13,190.00"	-0.01
2-Jun-15	"13,222.50"	"13,222.50"	"13,222.50"	"13,222.50"	0
1-Jun-15	"13,222.50"	"13,202.50"	"13,237.50"	"13,202.50"	-0.01
29-May-15	"13,224.00"	"13,191.00"	"13,226.00"	"13,191.00"	0.02
28-May-15	"13,221.50"	"13,181.50"	"13,225.50"	"13,181.50"	0.15
27-May-15	"13,202.00"	"13,215.00"	"13,241.00"	"13,195.00"	-0.06
26-May-15	"13,210.00"	"13,175.00"	"13,220.00"	"13,175.00"	0.18
25-May-15	"13,186.50"	"13,188.50"	"13,193.50"	"13,168.50"	0.24
22-May-15	"13,155.00"	"13,105.00"	"13,171.00"	"13,105.00"	0.19
21-May-15	"13,129.50"	"13,127.50"	"13,173.50"	"13,105.50"	-0.35
20-May-15	"13,175.00"	"13,145.00"	"13,185.00"	"13,145.00"	0.45
19-May-15	"13,115.50"	"13,159.50"	"13,189.50"	"13,104.50"	-0.16
18-May-15	"13,137.00"	"13,085.00"	"13,145.00"	"13,085.00"	0.35
15-May-15	"13,091.00"	"13,052.00"	"13,102.00"	"13,052.00"	-0.35
14-May-15	"13,137.50"	"13,137.50"	"13,137.50"	"13,137.50"	0
13-May-15	"13,137.50"	"13,157.50"	"13,197.50"	"13,127.50"	-0.46
12-May-15	"13,198.00"	"13,166.00"	"13,213.00"	"13,166.00"	0.33
11-May-15	"13,155.00"	"13,115.00"	"13,165.00"	"13,110.00"	0.21
8-May-15	"13,127.50"	"13,122.50"	"13,192.50"	"13,092.50"	-0.13
7-May-15	"13,145.00"	"13,035.00"	"13,151.00"	"13,025.00"	0.84
6-May-15	"13,035.00"	"13,030.00"	"13,050.00"	"13,005.00"	-0.1
5-May-15	"13,047.50"	"12,992.50"	"13,047.50"	"12,985.50"	0.52
4-May-15	"12,980.00"	"12,975.00"	"13,030.00"	"12,974.00"	0.14
1-May-15	"12,962.50"	"12,962.50"	"12,962.50"	"12,962.50"	0
30-Apr-15	"12,962.50"	"12,924.50"	"12,962.50"	"12,912.50"	0.17
29-Apr-15	"12,940.00"	"12,935.00"	"12,978.00"	"12,935.00"	-0.31
28-Apr-15	"12,980.00"	"12,945.00"	"12,995.00"	"12,945.00"	0
27-Apr-15	"12,980.00"	"12,930.00"	"12,985.00"	"12,915.00"	0.47
24-Apr-15	"12,919.50"	"12,924.50"	"12,948.50"	"12,909.50"	-0.27
23-Apr-15	"12,955.00"	"12,920.00"	"12,961.00"	"12,919.00"	0.43
22-Apr-15	"12,900.00"	"12,925.00"	"12,965.00"	"12,885.00"	-0.44
21-Apr-15	"12,957.50"	"12,937.50"	"12,972.50"	"12,917.50"	0.52
20-Apr-15	"12,890.00"	"12,855.00"	"12,900.00"	"12,852.00"	0.31
17-Apr-15	"12,850.00"	"12,838.00"	"12,875.00"	"12,835.00"	-0.05
16-Apr-15	"12,856.00"	"12,869.00"	"12,874.00"	"12,804.00"	-0.34
15-Apr-15	"12,900.50"	"12,959.50"	"12,987.50"	"12,884.50"	-0.62
14-Apr-15	"12,980.50"	"12,973.50"	"12,992.50"	"12,964.50"	-0.03
13-Apr-15	"12,985.00"	"12,905.00"	"12,990.00"	"12,905.00"	0.54
10-Apr-15	"12,915.00"	"12,910.00"	"12,935.00"	"12,880.00"	0.13
9-Apr-15	"12,898.00"	"12,962.00"	"12,982.00"	"12,892.00"	-0.44
8-Apr-15	"12,955.00"	"12,980.00"	"13,010.00"	"12,954.00"	-0.23
7-Apr-15	"12,985.00"	"12,955.00"	"12,990.00"	"12,953.00"	0.2
6-Apr-15	"12,958.50"	"12,951.50"	"12,958.50"	"12,921.50"	-0.34
3-Apr-15	"13,002.50"	"13,002.50"	"13,002.50"	"13,002.50"	0
2-Apr-15	"13,002.50"	"12,982.50"	"13,012.50"	"12,977.50"	-0.31
1-Apr-15	"13,042.50"	"13,057.50"	"13,062.50"	"13,002.50"	-0.25
31-Mar-15	"13,075.00"	"13,070.00"	"13,095.00"	"13,067.00"	0
30-Mar-15	"13,075.00"	"13,054.00"	"13,092.00"	"13,054.00"	0.08
27-Mar-15	"13,065.00"	"13,025.00"	"13,080.00"	"13,025.00"	0.35
26-Mar-15	"13,019.00"	"12,971.00"	"13,026.00"	"12,971.00"	0.25
25-Mar-15	"12,986.00"	"12,914.00"	"12,989.00"	"12,909.00"	0.63
24-Mar-15	"12,905.00"	"12,985.00"	"12,995.00"	"12,900.00"	-0.88
23-Mar-15	"13,019.50"	"13,030.50"	"13,080.50"	"13,005.50"	-0.74
20-Mar-15	"13,116.00"	"13,044.00"	"13,124.00"	"13,044.00"	0.62
19-Mar-15	"13,035.00"	"13,115.00"	"13,115.00"	"12,984.00"	-1.03
18-Mar-15	"13,170.00"	"13,160.00"	"13,190.00"	"13,150.00"	0.02
17-Mar-15	"13,167.50"	"13,222.50"	"13,247.50"	"13,162.50"	-0.56
16-Mar-15	"13,242.00"	"13,203.00"	"13,247.00"	"13,203.00"	0.36
13-Mar-15	"13,195.00"	"13,155.00"	"13,205.00"	"13,150.00"	0.09
12-Mar-15	"13,182.50"	"13,147.50"	"13,217.50"	"13,147.50"	-0.06
11-Mar-15	"13,190.50"	"13,139.50"	"13,244.50"	"13,124.50"	0.76
10-Mar-15	"13,091.50"	"13,053.50"	"13,093.50"	"13,047.50"	0.32
9-Mar-15	"13,050.00"	"13,005.00"	"13,075.00"	"13,005.00"	0.54
6-Mar-15	"12,980.00"	"13,000.00"	"13,005.00"	"12,950.00"	-0.08
